path	matched_exclude
AGENTS.md	AGENTS.md
aidi/docs/ops_audit.md	aidi/docs/ops_audit.md
aidi/docs/records/7scenes_sparse_pi3align_compare_20260324.html	aidi/docs/records/**
aidi/docs/records/attention_noise_diagnostic_scannet_vkitti_20260415.md	aidi/docs/records/**
aidi/docs/records/depth_benchmark_pi3_vggt_compare_20260324.html	aidi/docs/records/**
aidi/docs/records/depth_benchmark_pi3_vggt_monovideo_compare_20260325.html	aidi/docs/records/**
aidi/docs/records/dtu_aligned_eval_note_20260401.md	aidi/docs/records/**
aidi/docs/records/dtu_eval_status_20260331.html	aidi/docs/records/**
aidi/docs/records/eth3d_aligned_eval_protocol_20260401.md	aidi/docs/records/**
aidi/docs/records/eth3d_protocol_summary_20260331.html	aidi/docs/records/**
aidi/docs/records/experiment.md	aidi/docs/records/**
aidi/docs/records/pi3_7scenes_alignment_20260324.md	aidi/docs/records/**
aidi/docs/records/pi3_depth_unified_entry_20260407.md	aidi/docs/records/**
aidi/docs/records/pi3_native_data_audit_20260430.md	aidi/docs/records/**
aidi/docs/records/pi3_topk_allocation_workflow_20260513.md	aidi/docs/records/**
aidi/docs/records/pose_benchmark_protocol_alignment_20260421.md	aidi/docs/records/**
aidi/docs/records/re10k_same_scene_candidate_pool_v1_20260428.md	aidi/docs/records/**
aidi/docs/records/seven_scenes_benchmark_survey_20260324.md	aidi/docs/records/**
aidi/docs/records/svggt_allocation_setting_search_20260502.md	aidi/docs/records/**
aidi/docs/records/tnt_eval_closeout_20260324.md	aidi/docs/records/**
aidi/docs/records/vggt_adaptive_budget_method_20260330.html	aidi/docs/records/**
aidi/docs/records/vggt_attention_collection_re10k_20260318.md	aidi/docs/records/**
aidi/docs/records/vggt_coverage_preserving_sparse_20260407.html	aidi/docs/records/**
aidi/docs/records/vggt_dsa_infer_closeout_20260312.md	aidi/docs/records/**
aidi/docs/records/vggt_dsa_infer_followup_int32_consume_20260311.md	aidi/docs/records/**
aidi/docs/records/vggt_dsa_infer_speed_best_20260311.md	aidi/docs/records/**
aidi/docs/records/vggt_dsa_infer_stage_summary_20260302.md	aidi/docs/records/**
aidi/docs/records/vggt_dsa_submit_handoff_topk2048_20260308.md	aidi/docs/records/**
aidi/docs/records/vggt_dsa_train_fullstep_opt_20260302.md	aidi/docs/records/**
aidi/docs/records/vggt_global_attention_analyzer_20260317.md	aidi/docs/records/**
aidi/docs/records/vggt_global_attention_analyzer_collection_20260317.md	aidi/docs/records/**
aidi/docs/records/vggt_global_attention_collection_expand_20260317.md	aidi/docs/records/**
aidi/docs/records/vggt_qk_sym_x2_logic_20260324.html	aidi/docs/records/**
aidi/docs/records/vggt_soft_view_bias_design_20260413.html	aidi/docs/records/**
aidi/docs/records/vggt_source_downsample_infer_bench_20260316.md	aidi/docs/records/**
aidi/docs/records/vggt_source_downsample_logic_brief_20260317.md	aidi/docs/records/**
aidi/docs/records/vggt_source_only_downsample_impl_20260316.md	aidi/docs/records/**
aidi/docs/records/vggt_sparse_realtrain_runtime_20260310.md	aidi/docs/records/**
aidi/docs/records/vggt_sparse_training_story_20260311.md	aidi/docs/records/**
aidi/docs/records/vggt_sparse_variation_plan_20260329.html	aidi/docs/records/**
aidi/docs/records/vggt_topk1024_ds_modes_20260402.html	aidi/docs/records/**
aidi/docs/records/vggt_topk_validation_conclusions_20260315.md	aidi/docs/records/**
aidi/docs/records/vggt_warmup_speed_compare_20260310.md	aidi/docs/records/**
aidi/docs/records/vggt_x2_vs_qk_sym_x2_summary_20260330.html	aidi/docs/records/**
aidi/docs/records/vkitti_same_scene_candidate_pool_v1_20260428.md	aidi/docs/records/**
aidi/docs/records/vkitti_same_scene_pool_depth_advantage_20260502.md	aidi/docs/records/**
aidi/docs/submit_records.md	aidi/docs/submit_records.md
aidi/scripts/baselines/build_7scenes_diagnostic_seq_maps.py	aidi/scripts/baselines/**
aidi/scripts/baselines/build_driving_plausible_context_benchmark.py	aidi/scripts/baselines/**
aidi/scripts/baselines/build_driving_temporal_noise_benchmark.py	aidi/scripts/baselines/**
aidi/scripts/baselines/build_dtu_diagnostic_seq_maps.py	aidi/scripts/baselines/**
aidi/scripts/baselines/build_dtu_geometry_tail_rankings.py	aidi/scripts/baselines/**
aidi/scripts/baselines/build_evc_attention_noise_benchmark.py	aidi/scripts/baselines/**
aidi/scripts/baselines/build_fixed10_complementary_gain_benchmark.py	aidi/scripts/baselines/**
aidi/scripts/baselines/build_fixed10_controlled_context_benchmark.py	aidi/scripts/baselines/**
aidi/scripts/baselines/build_fixed10_realistic_context_benchmark.py	aidi/scripts/baselines/**
aidi/scripts/baselines/build_fixed10_temporal_stride_benchmark.py	aidi/scripts/baselines/**
aidi/scripts/baselines/build_fixed_camera_pair_distractor_benchmark.py	aidi/scripts/baselines/**
aidi/scripts/baselines/build_hiroom_distractor_benchmark.py	aidi/scripts/baselines/**
aidi/scripts/baselines/build_near8_comp2_overlap_benchmark.py	aidi/scripts/baselines/**
aidi/scripts/baselines/build_scannet_exact_attention_noise_benchmark.py	aidi/scripts/baselines/**
aidi/scripts/baselines/build_scannetpp_plausible_wrong_context_protocol.py	aidi/scripts/baselines/**
aidi/scripts/baselines/build_scannetpp_simple_plausible_context_benchmark.py	aidi/scripts/baselines/**
aidi/scripts/baselines/build_variable_distractor_from_pairs.py	aidi/scripts/baselines/**
aidi/scripts/baselines/build_waymo_all_eval_context_benchmark.py	aidi/scripts/baselines/**
aidi/scripts/baselines/build_waymo_simple_plausible_context_benchmark.py	aidi/scripts/baselines/**
aidi/scripts/baselines/eval_mv_recon_summary_utils.py	aidi/scripts/baselines/**
aidi/scripts/baselines/eval_pi3_driving_long_sequence.py	aidi/scripts/baselines/**
aidi/scripts/baselines/eval_pi3_mv_recon_7scenes.py	aidi/scripts/baselines/**
aidi/scripts/baselines/eval_speed3r_pi3_tnt.py	aidi/scripts/baselines/**
aidi/scripts/baselines/mv_recon_seq_map_utils.py	aidi/scripts/baselines/**
aidi/scripts/baselines/prepare_dtu_raw_pi3_from_evc.py	aidi/scripts/baselines/**
aidi/scripts/baselines/prepare_pi3_kitti_videodepth_dataset.py	aidi/scripts/baselines/**
aidi/scripts/baselines/prepare_pi3_relpose_exact_dataset.py	aidi/scripts/baselines/**
aidi/scripts/baselines/prepare_pi3_scannet_sens_exact.py	aidi/scripts/baselines/**
aidi/scripts/baselines/reorder_re10k_staged_tuples.py	aidi/scripts/baselines/**
aidi/scripts/baselines/reproduce_depthanything3_mapanything.sh	aidi/scripts/baselines/**
aidi/scripts/baselines/run_depthanything3_demo.py	aidi/scripts/baselines/**
aidi/scripts/baselines/run_depthanything3_official_bench.py	aidi/scripts/baselines/**
aidi/scripts/baselines/run_mapanything_demo.py	aidi/scripts/baselines/**
aidi/scripts/baselines/stage_re10k_aligned_subset.py	aidi/scripts/baselines/**
aidi/scripts/baselines/summarize_fixed10_context_pose_results.py	aidi/scripts/baselines/**
aidi/scripts/baselines/summarize_near8_comp2_relpose_results.py	aidi/scripts/baselines/**
aidi/scripts/baselines/summarize_plausible_wrong_context_protocol.py	aidi/scripts/baselines/**
aidi/scripts/codex/install_session_memory_bridge.sh	aidi/scripts/codex/**
aidi/scripts/codex/session_memory.sh	aidi/scripts/codex/**
aidi/scripts/moge/train.sh	aidi/scripts/moge/**
aidi/scripts/ops/provision_easyvolcap_env.sh	aidi/scripts/ops/**
aidi/scripts/pi3/audit_pi3_native_data.py	aidi/scripts/pi3/**
aidi/scripts/pi3/submit_pi3_5090_sparse_fp16_layers9_21_topk2048.sh	aidi/scripts/pi3/**
aidi/scripts/pi3/submit_pi3_5090_sparse_klwarm_then_task.sh	aidi/scripts/pi3/**
aidi/scripts/pi3/submit_pi3_5090_training.sh	aidi/scripts/pi3/**
aidi/scripts/pi3/submit_pi3_business_lr_camemb_16gpu_matrix.sh	aidi/scripts/pi3/**
aidi/scripts/vggt/bench_dsa_shared_kv.py	aidi/scripts/vggt/**
aidi/scripts/vggt/bench_dsa_train_fullstep_a_vs_c.py	aidi/scripts/vggt/**
aidi/scripts/vggt/bench_official_vggt_full_forward_speed.py	aidi/scripts/vggt/**
aidi/scripts/vggt/bench_official_vggt_realtrain_abc_topk2048_pointhead.sh	aidi/scripts/vggt/**
aidi/scripts/vggt/bench_official_vggt_sparse_runtime_sweep.sh	aidi/scripts/vggt/**
aidi/scripts/vggt/bench_official_vggt_warmup_realbatch.py	aidi/scripts/vggt/**
aidi/scripts/vggt/bench_official_vggt_warmup_train_synth.py	aidi/scripts/vggt/**
aidi/scripts/vggt/bench_warmup_dense_flash_kernel.py	aidi/scripts/vggt/**
aidi/scripts/vggt/bench_warmup_streaming_kl.py	aidi/scripts/vggt/**
aidi/scripts/vggt/build_eth3d_official_evaluator.sh	aidi/scripts/vggt/**
aidi/scripts/vggt/build_paper_pointcloud_eval_config.py	aidi/scripts/vggt/**
aidi/scripts/vggt/build_re10k_eval_compat_root.py	aidi/scripts/vggt/**
aidi/scripts/vggt/build_re10k_near8_comp2_benchmark.py	aidi/scripts/vggt/**
aidi/scripts/vggt/build_re10k_processed_clusterfix.py	aidi/scripts/vggt/**
aidi/scripts/vggt/build_re10k_same_scene_candidate_pool_benchmark.py	aidi/scripts/vggt/**
aidi/scripts/vggt/build_selvggt_first_figure_assets.py	aidi/scripts/vggt/**
aidi/scripts/vggt/check_kernel_forward_backward_diff.py	aidi/scripts/vggt/**
aidi/scripts/vggt/collect_dtu_pred_ply.py	aidi/scripts/vggt/**
aidi/scripts/vggt/download_re10k_from_metadata.py	aidi/scripts/vggt/**
aidi/scripts/vggt/download_re10k_local_and_sync.sh	aidi/scripts/vggt/**
aidi/scripts/vggt/eval_co3d_pose_official_release.py	aidi/scripts/vggt/**
aidi/scripts/vggt/eval_depthanything3_business_10view_badcase.py	aidi/scripts/vggt/**
aidi/scripts/vggt/eval_depthanything3_pose_benchmarks.py	aidi/scripts/vggt/**
aidi/scripts/vggt/eval_driving_paper_protocol.sh	aidi/scripts/vggt/**
aidi/scripts/vggt/eval_dtu_official_from_ply.py	aidi/scripts/vggt/**
aidi/scripts/vggt/eval_external_multiview_benchmark.py	aidi/scripts/vggt/**
aidi/scripts/vggt/eval_official_vggt_aligned_core.sh	aidi/scripts/vggt/**
aidi/scripts/vggt/eval_official_vggt_cluster_entry.sh	aidi/scripts/vggt/**
aidi/scripts/vggt/eval_official_vggt_sparse_checkpoints.sh	aidi/scripts/vggt/**
aidi/scripts/vggt/eval_official_vggt_sparse_datasets.sh	aidi/scripts/vggt/**
aidi/scripts/vggt/eval_official_vggt_sparse_datasets_paper_lite.sh	aidi/scripts/vggt/**
aidi/scripts/vggt/eval_official_vggt_sparse_datasets_paper_lite_views_sweep.sh	aidi/scripts/vggt/**
aidi/scripts/vggt/eval_official_vggt_sparse_datasets_paper_pose_lite.sh	aidi/scripts/vggt/**
aidi/scripts/vggt/eval_official_vggt_sparse_datasets_plus.sh	aidi/scripts/vggt/**
aidi/scripts/vggt/eval_sequence_views_sweep.sh	aidi/scripts/vggt/**
aidi/scripts/vggt/eval_tnt_pose_official_style.py	aidi/scripts/vggt/**
aidi/scripts/vggt/eval_vggt_omega_business_10view_badcase.py	aidi/scripts/vggt/**
aidi/scripts/vggt/eval_vkitti2_views_sweep.sh	aidi/scripts/vggt/**
aidi/scripts/vggt/eval_vkitti2_views_sweep_stride10.sh	aidi/scripts/vggt/**
aidi/scripts/vggt/export_business_10view_badcases.py	aidi/scripts/vggt/**
aidi/scripts/vggt/export_dtu_paper_metrics.py	aidi/scripts/vggt/**
aidi/scripts/vggt/export_eth3d_pointcloud_visuals.py	aidi/scripts/vggt/**
aidi/scripts/vggt/export_formal_core_eval_results_xlsx.py	aidi/scripts/vggt/**
aidi/scripts/vggt/export_long_sequence_eval_results_xlsx.py	aidi/scripts/vggt/**
aidi/scripts/vggt/export_paper_eval_results_xlsx.py	aidi/scripts/vggt/**
aidi/scripts/vggt/export_pi3_tuple_visual_candidate.py	aidi/scripts/vggt/**
aidi/scripts/vggt/export_standard_eval_results_xlsx.py	aidi/scripts/vggt/**
aidi/scripts/vggt/export_waymo_pi3_visual_candidates.py	aidi/scripts/vggt/**
aidi/scripts/vggt/fix_re10k_processed_symlink_targets.py	aidi/scripts/vggt/**
aidi/scripts/vggt/format_eval_plus_results_xlsx.py	aidi/scripts/vggt/**
aidi/scripts/vggt/inspect_co3dv2_official_alignment.py	aidi/scripts/vggt/**
aidi/scripts/vggt/launch_eval_topk_inference_validation_vkitti_sequential_parallel.sh	aidi/scripts/vggt/**
aidi/scripts/vggt/npz_to_weights_pt.py	aidi/scripts/vggt/**
aidi/scripts/vggt/paper_pointcloud_eval.py	aidi/scripts/vggt/**
aidi/scripts/vggt/plot_paper_infer_speed_compare.py	aidi/scripts/vggt/**
aidi/scripts/vggt/preflight_cluster_repo_paths.sh	aidi/scripts/vggt/**
aidi/scripts/vggt/prepare_co3dv2_eval_mirror.sh	aidi/scripts/vggt/**
aidi/scripts/vggt/prepare_co3dv2_official_image_mirror.py	aidi/scripts/vggt/**
aidi/scripts/vggt/prepare_pi3_attention_seq_bundle.py	aidi/scripts/vggt/**
aidi/scripts/vggt/prepare_re10k_evc.py	aidi/scripts/vggt/**
aidi/scripts/vggt/prepare_re10k_evc.sh	aidi/scripts/vggt/**
aidi/scripts/vggt/prepare_tanks_and_temples_training_evc.py	aidi/scripts/vggt/**
aidi/scripts/vggt/prepare_tanks_and_temples_training_evc.sh	aidi/scripts/vggt/**
aidi/scripts/vggt/re10k_eval_guard.py	aidi/scripts/vggt/**
aidi/scripts/vggt/render_pi3_rank0_focus_gallery.py	aidi/scripts/vggt/**
aidi/scripts/vggt/render_pi3_static_pointcloud_gallery.py	aidi/scripts/vggt/**
aidi/scripts/vggt/render_selvggt_clear_firstfig_diagnostics.py	aidi/scripts/vggt/**
aidi/scripts/vggt/render_selvggt_firstfig_candidate.py	aidi/scripts/vggt/**
aidi/scripts/vggt/render_topk_connection_gallery.py	aidi/scripts/vggt/**
aidi/scripts/vggt/repair_re10k_paper10_frames.py	aidi/scripts/vggt/**
aidi/scripts/vggt/run_co3d_pose_official_release.sh	aidi/scripts/vggt/**
aidi/scripts/vggt/run_core4_checkpoint_eval.py	aidi/scripts/vggt/**
aidi/scripts/vggt/run_dtu_official_eval.sh	aidi/scripts/vggt/**
aidi/scripts/vggt/run_dtu_official_full.sh	aidi/scripts/vggt/**
aidi/scripts/vggt/run_eval_eth3d_vggt_paper_style.sh	aidi/scripts/vggt/**
aidi/scripts/vggt/run_full_forward_speed_bench.sh	aidi/scripts/vggt/**
aidi/scripts/vggt/run_official_core4_eval.py	aidi/scripts/vggt/**
aidi/scripts/vggt/run_paper_pointcloud_eval_smoke.sh	aidi/scripts/vggt/**
aidi/scripts/vggt/run_paper_pointcloud_smoke.sh	aidi/scripts/vggt/**
aidi/scripts/vggt/run_standard_pose_benchmarks.py	aidi/scripts/vggt/**
aidi/scripts/vggt/run_tnt_pose_canonical_eval.sh	aidi/scripts/vggt/**
aidi/scripts/vggt/sparse_eval_temp_config.py	aidi/scripts/vggt/**
aidi/scripts/vggt/submit_eval_driving_paper_protocol.sh	aidi/scripts/vggt/**
aidi/scripts/vggt/submit_eval_dtu_paper_simple.sh	aidi/scripts/vggt/**
aidi/scripts/vggt/submit_eval_official_vggt_paper_protocol.sh	aidi/scripts/vggt/**
aidi/scripts/vggt/submit_eval_official_vggt_sparse_datasets.sh	aidi/scripts/vggt/**
aidi/scripts/vggt/submit_eval_official_vggt_trainv2_test.sh	aidi/scripts/vggt/**
aidi/scripts/vggt/submit_eval_re10k_paper10_simple.sh	aidi/scripts/vggt/**
aidi/scripts/vggt/submit_eval_re10k_source_downsample_test.sh	aidi/scripts/vggt/**
aidi/scripts/vggt/submit_eval_re10k_views_sweep_lite.sh	aidi/scripts/vggt/**
aidi/scripts/vggt/submit_eval_sequence_views_sweep.sh	aidi/scripts/vggt/**
aidi/scripts/vggt/submit_eval_tnt_vggt_aligned.sh	aidi/scripts/vggt/**
aidi/scripts/vggt/submit_eval_topk_inference_validation.sh	aidi/scripts/vggt/**
aidi/scripts/vggt/submit_eval_topk_inference_validation_vkitti_sequential.sh	aidi/scripts/vggt/**
aidi/scripts/vggt/submit_eval_vkitti2_views_sweep.sh	aidi/scripts/vggt/**
aidi/scripts/vggt/submit_eval_vkitti2_views_sweep_stride10.sh	aidi/scripts/vggt/**
aidi/scripts/vggt/submit_eval_waymo_kitti_views_sweep.sh	aidi/scripts/vggt/**
aidi/scripts/vggt/submit_official_vggt.sh	aidi/scripts/vggt/**
aidi/scripts/vggt/submit_official_vggt_5090_sparse.sh	aidi/scripts/vggt/**
aidi/scripts/vggt/submit_official_vggt_5090_sparse_fp16.sh	aidi/scripts/vggt/**
aidi/scripts/vggt/submit_official_vggt_5090_sparse_fp16_layers9_19_topk2048_pointhead.sh	aidi/scripts/vggt/**
aidi/scripts/vggt/submit_official_vggt_5090_sparse_fp16_layers9_21.sh	aidi/scripts/vggt/**
aidi/scripts/vggt/submit_official_vggt_5090_sparse_fp16_layers9_21_topk1024.sh	aidi/scripts/vggt/**
aidi/scripts/vggt/submit_official_vggt_5090_sparse_fp16_layers9_21_topk2048.sh	aidi/scripts/vggt/**
aidi/scripts/vggt/submit_official_vggt_5090_sparse_topk1024_full17_dataset_compare_v3.sh	aidi/scripts/vggt/**
aidi/scripts/vggt/submit_official_vggt_5090_sparse_topk1024_full17_warmup39_core4first_lr2e5.sh	aidi/scripts/vggt/**
aidi/scripts/vggt/submit_official_vggt_5090_sparse_topk1024_globalframe0_8_core4val.sh	aidi/scripts/vggt/**
aidi/scripts/vggt/submit_official_vggt_5090_sparse_topk1024_globalframe0_8_hypersimval.sh	aidi/scripts/vggt/**
aidi/scripts/vggt/submit_official_vggt_5090_sparse_topk2048.sh	aidi/scripts/vggt/**
aidi/scripts/vggt/submit_official_vggt_5090_sparse_topk512_keep_special.sh	aidi/scripts/vggt/**
aidi/scripts/vggt/submit_official_vggt_5090_sparse_topk512_keep_special_yapfguard.sh	aidi/scripts/vggt/**
aidi/scripts/vggt/submit_official_vggt_5090_teacher_noindexer_warmup.sh	aidi/scripts/vggt/**
aidi/scripts/vggt/submit_official_vggt_5090_warmup_from_noindexer_b11.sh	aidi/scripts/vggt/**
aidi/scripts/vggt/submit_official_vggt_a800_sparse_topk2048.sh	aidi/scripts/vggt/**
aidi/scripts/vggt/submit_official_vggt_a800_sparse_topk2048_layers9_19.sh	aidi/scripts/vggt/**
aidi/scripts/vggt/submit_official_vggt_a800_sparse_topk2048_layers9_19_local_verify.sh	aidi/scripts/vggt/**
aidi/scripts/vggt/submit_official_vggt_a800_warmup.sh	aidi/scripts/vggt/**
aidi/scripts/vggt/submit_official_vggt_l20_sparse.sh	aidi/scripts/vggt/**
aidi/scripts/vggt/submit_official_vggt_l20_warmup.sh	aidi/scripts/vggt/**
aidi/scripts/vggt/submit_official_vggt_warmup.sh	aidi/scripts/vggt/**
aidi/scripts/vggt/submit_vggt_business_2000hv2_5090_control.sh	aidi/scripts/vggt/**
aidi/scripts/vggt/submit_vggt_horizon_simu100h_dualval_5090.sh	aidi/scripts/vggt/**
aidi/scripts/vggt/summarize_eth3d_vggt_paper_style.py	aidi/scripts/vggt/**
aidi/scripts/vggt/summarize_pi3_group_topk_allocation.py	aidi/scripts/vggt/**
aidi/scripts/vggt/summarize_re10k_near8_comp2_results.py	aidi/scripts/vggt/**
aidi/scripts/vggt/summarize_topk_allocation.py	aidi/scripts/vggt/**
aidi/scripts/vggt/summarize_view_distance_allocation.py	aidi/scripts/vggt/**
aidi/scripts/vggt/train.sh	aidi/scripts/vggt/**
aidi/scripts/vggt/train_local.sh	aidi/scripts/vggt/**
aidi/scripts/vggt/train_v2.sh	aidi/scripts/vggt/**
aidi/scripts/vggt/upsert_co3dv2_summary_tsv.py	aidi/scripts/vggt/**
aidi/scripts/vggt/vggt_global_attention_analyzer.py	aidi/scripts/vggt/**
aidi/scripts/vggt/visualize_dsa_topk_coverage.py	aidi/scripts/vggt/**
aidi/scripts/vggt/visualize_epipolar_selector_teacher.py	aidi/scripts/vggt/**
aidi/scripts/vggt/visualize_topk_anchor_geometry_loss.py	aidi/scripts/vggt/**
aidi/scripts/vggt/watch_epoch_npz_snapshots.py	aidi/scripts/vggt/**
aidi/scripts/vggt/watch_epoch_pt_via_docker.sh	aidi/scripts/vggt/**
docs/superpowers/plans/2026-04-02-pi3-re10k-aligned.md	docs/superpowers/**
docs/superpowers/plans/2026-04-07-pi3-relpose-distance.md	docs/superpowers/**
docs/superpowers/plans/2026-04-08-pi3-relpose-distance-exact-prep.md	docs/superpowers/**
docs/superpowers/plans/2026-04-15-scannet-attention-noise-analyzer-plan.md	docs/superpowers/**
docs/superpowers/plans/2026-04-15-scannet-exact100-attention-noise-plan.md	docs/superpowers/**
docs/superpowers/plans/2026-04-19-pi3-attention-page.md	docs/superpowers/**
docs/superpowers/plans/2026-04-21-large-scene-core4-eval-port.md	docs/superpowers/**
docs/superpowers/specs/2026-04-01-pi3-co3dv2-relpose-design.md	docs/superpowers/**
docs/superpowers/specs/2026-04-02-pi3-re10k-aligned-design.md	docs/superpowers/**
docs/superpowers/specs/2026-04-07-pi3-relpose-distance-design.md	docs/superpowers/**
docs/superpowers/specs/2026-04-08-pi3-relpose-distance-exact-prep-design.md	docs/superpowers/**
docs/superpowers/specs/2026-04-08-pi3-scannet-sens-exact-design.md	docs/superpowers/**
docs/superpowers/specs/2026-04-15-scannet-attention-noise-analyzer-design.md	docs/superpowers/**
docs/superpowers/specs/2026-04-15-scannet-attention-noise-diagnostic-design.md	docs/superpowers/**
docs/superpowers/specs/2026-04-19-pi3-attention-page-design.md	docs/superpowers/**
experiment_records/vggt/official/finetune_5090_sparse_20260214_path_record.md	experiment_records/**
experiment_records/vggt_eval_records.md	experiment_records/**
experiment_records/vggt_eval_records_20260204_eval_sparse_ds_20260204_1947.xlsx	experiment_records/**
findings.md	findings.md
progress.md	progress.md
release/anonymous_geoweave_model/ANONYMITY.md	release/anonymous_geoweave_model/**
release/anonymous_geoweave_model/geoweave_model/__init__.py	release/anonymous_geoweave_model/**
release/anonymous_geoweave_model/geoweave_model/configs.py	release/anonymous_geoweave_model/**
release/anonymous_geoweave_model/geoweave_model/heads.py	release/anonymous_geoweave_model/**
release/anonymous_geoweave_model/geoweave_model/layers/__init__.py	release/anonymous_geoweave_model/**
release/anonymous_geoweave_model/geoweave_model/layers/blocks.py	release/anonymous_geoweave_model/**
release/anonymous_geoweave_model/geoweave_model/layers/dependency_scorer.py	release/anonymous_geoweave_model/**
release/anonymous_geoweave_model/geoweave_model/layers/patch_embed.py	release/anonymous_geoweave_model/**
release/anonymous_geoweave_model/geoweave_model/layers/sparse_attention.py	release/anonymous_geoweave_model/**
release/anonymous_geoweave_model/geoweave_model/models/__init__.py	release/anonymous_geoweave_model/**
release/anonymous_geoweave_model/geoweave_model/models/geoweave_pi3.py	release/anonymous_geoweave_model/**
release/anonymous_geoweave_model/geoweave_model/models/geoweave_vggt.py	release/anonymous_geoweave_model/**
scripts/colmap/arrange_images.py	scripts/**
scripts/colmap/colmap_to_easymocap.py	scripts/**
scripts/colmap/colmap_to_easyvolcap.py	scripts/**
scripts/colmap/compute_camera_alignment.py	scripts/**
scripts/colmap/discard_blurry.py	scripts/**
scripts/colmap/easymocap_to_colmap.py	scripts/**
scripts/colmap/easyvolcap_to_colmap.py	scripts/**
scripts/colmap/filter_colmap.py	scripts/**
scripts/colmap/merge_colmap.py	scripts/**
scripts/colmap/register_images.py	scripts/**
scripts/colmap/run_colmap.py	scripts/**
scripts/colmap/sparse_calibration.sh	scripts/**
scripts/colmap/unflatten_dataset.py	scripts/**
scripts/distortion/undistort.py	scripts/**
scripts/easyvolcap/animate_values_from_tb.py	scripts/**
scripts/easyvolcap/extract_image_from_tb.py	scripts/**
scripts/easyvolcap/fuse_videos.py	scripts/**
scripts/easyvolcap/mask_and_create_video.py	scripts/**
scripts/easyvolcap/replace_black_color.py	scripts/**
scripts/fusion/depth_fusion.py	scripts/**
scripts/fusion/tsdf_fusion.py	scripts/**
scripts/fusion/video_fusion.py	scripts/**
scripts/fusion/volume_fusion.py	scripts/**
scripts/fusion/voxel_fusion.py	scripts/**
scripts/gaussian/convert_fdgs_pcd.py	scripts/**
scripts/gaussian/convert_gaussian_splatting.py	scripts/**
scripts/gaussian/merge_pcd.py	scripts/**
scripts/gaussian/pcd_to_points3D.py	scripts/**
scripts/gaussian/shuaiqing_to_gaussian.py	scripts/**
scripts/gdrive/add_prefix.py	scripts/**
scripts/gdrive/batch_download.py	scripts/**
scripts/gdrive/batch_upload.py	scripts/**
scripts/gdrive/split_file.py	scripts/**
scripts/gfm/data_verify/archive/project_points.py	scripts/**
scripts/gfm/data_verify/archive/run.py	scripts/**
scripts/gfm/data_verify/archive/run_igcsgt.py	scripts/**
scripts/gfm/data_verify/colmap_to_easyvolcap.py	scripts/**
scripts/gfm/data_verify/fusion/run_fuse.py	scripts/**
scripts/gfm/data_verify/igcsgt_to_easyvolcap.py	scripts/**
scripts/gfm/data_verify/run.py	scripts/**
scripts/gfm/data_verify/verify.py	scripts/**
scripts/gfm/vggsfm/colmap_to_easyvolcap.py	scripts/**
scripts/gfm/vggsfm/igcsgt_to_colmap.py	scripts/**
scripts/gfm/vggsfm/project_points.py	scripts/**
scripts/gfm/vggt/evaluation.sh	scripts/**
scripts/gfm/vggt/inference.py	scripts/**
scripts/ld_preload/compile_block_alloc.py	scripts/**
scripts/ld_preload/compile_c10_math.py	scripts/**
scripts/opengl/cupy_opengl_interop.py	scripts/**
scripts/points/color_unproject.py	scripts/**
scripts/points/fuse.py	scripts/**
scripts/points/fusefgbg.py	scripts/**
scripts/points/ibr_colorization.py	scripts/**
scripts/points/resample.py	scripts/**
scripts/preprocess/7scenes_to_easyvolcap.py	scripts/**
scripts/preprocess/arkitscenes_to_easyvolcap.py	scripts/**
scripts/preprocess/blendedmvs_to_easyvolcap.py	scripts/**
scripts/preprocess/cenzhi_to_easyvolcap.py	scripts/**
scripts/preprocess/co3d_to_easyvolcap.py	scripts/**
scripts/preprocess/colmap_to_easyvolcap.py	scripts/**
scripts/preprocess/dl3dv_to_easyvolcap.py	scripts/**
scripts/preprocess/dnerf_synthetic_to_easyvolcap.py	scripts/**
scripts/preprocess/dtu_to_easyvolcap.py	scripts/**
scripts/preprocess/eth3d_to_easyvolcap.py	scripts/**
scripts/preprocess/extract_backgrounds.py	scripts/**
scripts/preprocess/extract_easymocap_smpl.py	scripts/**
scripts/preprocess/extract_subseq.py	scripts/**
scripts/preprocess/extract_videos.py	scripts/**
scripts/preprocess/genebody_to_easyvolcap.py	scripts/**
scripts/preprocess/gigavision_to_easyvolcap.py	scripts/**
scripts/preprocess/htcode_to_easyvolcap.py	scripts/**
scripts/preprocess/hypersim_to_easyvolcap.py	scripts/**
scripts/preprocess/mapfree_to_easyvolcap.py	scripts/**
scripts/preprocess/mapillary_to_easyvolcap.py	scripts/**
scripts/preprocess/megadepth_to_easyvolcapv2.py	scripts/**
scripts/preprocess/merge_sequences.py	scripts/**
scripts/preprocess/mipnerf360_to_easyvolcap.py	scripts/**
scripts/preprocess/monoperfcap_to_easyvolcap.py	scripts/**
scripts/preprocess/mvs_synth_to_easyvolcap.py	scripts/**
scripts/preprocess/nerf_llff_to_easyvolcap.py	scripts/**
scripts/preprocess/nerf_synthetic_to_easyvolcap.py	scripts/**
scripts/preprocess/nerfies_to_easyvolcap.py	scripts/**
scripts/preprocess/nerfstudio_to_easyvolcap.py	scripts/**
scripts/preprocess/neural3dv_to_easyvolcap.py	scripts/**
scripts/preprocess/pointodyssey_to_easyvolcap.py	scripts/**
scripts/preprocess/renbody_to_easyvolcap.py	scripts/**
scripts/preprocess/replica_niceslam_to_easyvolcap.py	scripts/**
scripts/preprocess/scannetpp_to_easyvolcap.py	scripts/**
scripts/preprocess/scannetppv2_to_easyvolcap.py	scripts/**
scripts/preprocess/scenenet_to_easyvolcap.py	scripts/**
scripts/preprocess/sensetime_to_easyvolcap.py	scripts/**
scripts/preprocess/tartanair_to_easyvolcap.py	scripts/**
scripts/preprocess/tools/align_cameras.py	scripts/**
scripts/preprocess/tools/compute_view_range.py	scripts/**
scripts/preprocess/tools/cropping.py	scripts/**
scripts/preprocess/vkitti2_to_easyvolcap.py	scripts/**
scripts/preprocess/wildrgbd_to_easyvolcap.py	scripts/**
scripts/preprocess_business_data/add_3ddr.py	scripts/**
scripts/preprocess_business_data/business_to_easyvolcap.py	scripts/**
scripts/preprocess_business_data/check_simulation_data.py	scripts/**
scripts/preprocess_business_data/covis_pairs.py	scripts/**
scripts/preprocess_business_data/easyvolcap_to_business.py	scripts/**
scripts/preprocess_business_data/simulation_to_business.py	scripts/**
scripts/preprocess_business_data/simulation_to_easyvolcap.py	scripts/**
scripts/preprocess_business_data/submit_aidi/add_3ddr.sh	scripts/**
scripts/preprocess_business_data/submit_aidi/add_covis_pairs.sh	scripts/**
scripts/preprocess_business_data/submit_aidi/run.sh	scripts/**
scripts/preprocess_business_data/submit_aidi/submit.py	scripts/**
scripts/preprocess_business_data/submit_aidi/submit_3ddr.py	scripts/**
scripts/preprocess_business_data/submit_aidi/submit_covis.py	scripts/**
scripts/preprocess_business_data/video_fusion.py	scripts/**
scripts/ray_tracing/optix.py	scripts/**
scripts/ray_tracing/ray_tracing.py	scripts/**
scripts/ray_tracing/shading_ball.py	scripts/**
scripts/renbody/calib_images.py	scripts/**
scripts/renbody/extract_smpl.py	scripts/**
scripts/renbody/extract_smplx.py	scripts/**
scripts/renbody/optimize_camera.sh	scripts/**
scripts/renbody/remesh.py	scripts/**
scripts/renbody/rename2surfs.py	scripts/**
scripts/renbody/space_carving.sh	scripts/**
scripts/renbody/uvmap.py	scripts/**
scripts/renbody/visualize_smplx.py	scripts/**
scripts/renbody/warp_gaussian_with_smpl.py	scripts/**
scripts/segmentation/copy_backgrounds.py	scripts/**
scripts/segmentation/extract_backgrounds.py	scripts/**
scripts/segmentation/inference_bkgdmattev2.py	scripts/**
scripts/segmentation/inference_robust_video_matting.py	scripts/**
scripts/segmentation/inference_schp.py	scripts/**
scripts/segmentation/invert_mask.py	scripts/**
scripts/segmentation/link_backgrounds.py	scripts/**
scripts/segmentation/merge_backgrounds.py	scripts/**
scripts/segmentation/merge_images_to_one_dir.py	scripts/**
scripts/segmentation/merge_schp_rvm_mask.py	scripts/**
scripts/segmentation/move_background.py	scripts/**
scripts/segmentation/split_images_from_one_dir.py	scripts/**
scripts/segmentation/visualize_masked_images.py	scripts/**
scripts/tools/0_to_00.py	scripts/**
scripts/tools/analyze_npz.py	scripts/**
scripts/tools/cleanup_trained_models.py	scripts/**
scripts/tools/compress_videos.py	scripts/**
scripts/tools/compute_world_up.py	scripts/**
scripts/tools/copy_list_of_files.py	scripts/**
scripts/tools/extract_mesh.py	scripts/**
scripts/tools/extract_optimized_cameras.py	scripts/**
scripts/tools/image_gatherer.py	scripts/**
scripts/tools/json_to_xlsx.py	scripts/**
scripts/tools/legacy/append_blenderproc_cameras.py	scripts/**
scripts/tools/legacy/cleanup_my_zjumocap.py	scripts/**
scripts/tools/legacy/copy_motions.sh	scripts/**
scripts/tools/legacy/evaluate_lighting.py	scripts/**
scripts/tools/legacy/make_comparison.py	scripts/**
scripts/tools/legacy/prepare_annots.py	scripts/**
scripts/tools/legacy/prepare_config.py	scripts/**
scripts/tools/legacy/prepare_envmap.py	scripts/**
scripts/tools/legacy/rename_experiments.sh	scripts/**
scripts/tools/legacy/render_ablation.sh	scripts/**
scripts/tools/legacy/render_relighting.py	scripts/**
scripts/tools/legacy/render_teaser.sh	scripts/**
scripts/tools/legacy/render_videos.py	scripts/**
scripts/tools/legacy/render_videos.sh	scripts/**
scripts/tools/legacy/rotate_lighting.sh	scripts/**
scripts/tools/legacy/stableenerf_enerf_baseline.sh	scripts/**
scripts/tools/legacy/torch_profiling.py	scripts/**
scripts/tools/prediction_to_dataset.py	scripts/**
scripts/tools/prepare_finetune.py	scripts/**
scripts/tools/prepare_motion.py	scripts/**
scripts/tools/pt_as_npz.py	scripts/**
scripts/tools/rename_experiment.py	scripts/**
scripts/tools/rename_files.py	scripts/**
scripts/tools/reorder_data.py	scripts/**
scripts/tools/runtime_as_npz.py	scripts/**
scripts/tools/runtime_as_ply.py	scripts/**
scripts/tools/visualize_cameras.py	scripts/**
scripts/tools/visualize_npfiles.py	scripts/**
scripts/tools/visualize_tbcurve.py	scripts/**
scripts/torchxpbd/animate_tpose_mesh.py	scripts/**
scripts/torchxpbd/bench_loop_subdivision.py	scripts/**
scripts/torchxpbd/diff_loop_subdivision.py	scripts/**
scripts/torchxpbd/diff_marching_cubes.py	scripts/**
scripts/torchxpbd/extract_unclothed_body.py	scripts/**
scripts/torchxpbd/learning_simulation.py	scripts/**
scripts/torchxpbd/package_posed_mesh.py	scripts/**
scripts/torchxpbd/register_smplh_semantically.py	scripts/**
scripts/torchxpbd/remesh_winding_distance.py	scripts/**
scripts/torchxpbd/simulate_dynamic_stvk_bend.py	scripts/**
scripts/torchxpbd/simulate_global_stvk_bend.py	scripts/**
scripts/torchxpbd/simulate_loss_stvk_bend.py	scripts/**
scripts/torchxpbd/unproject_semantic_parsing.py	scripts/**
scripts/torchxpbd/visualize_open3d_animation.py	scripts/**
scripts/vggt/convert_dataset_yml_to_pkl.py	scripts/**
scripts/vggt/copy_ckpt.py	scripts/**
scripts/vggt/dataset_list.txt	scripts/**
scripts/vggt/depth_vis.py	scripts/**
scripts/vggt/utils.py	scripts/**
scripts/vggt/viser_visualizer.py	scripts/**
task_plan.md	task_plan.md
tmp/bench_dsa_route_single.py	tmp/**
tmp/eth3d_eval_topk1024_l9_19.yaml	tmp/**
tmp/eth3d_eval_topk2048_l9_17.yaml	tmp/**
tmp/launch_unified_eval_full_videodepth_single_20260423.sh	tmp/**
tmp/re10k_attn_configs/re10k_topk1024_l11_19_chunk2_eval_compat_20260417_4090.yaml	tmp/**
tmp/re10k_attn_configs/re10k_topk1024_softviewbias_trainkernel_lossw02_eval_compat_20260410.yaml	tmp/**
tmp/re10k_attn_configs/re10k_topk1024_softviewbias_trainkernel_lossw02_eval_compat_20260413_4090.yaml	tmp/**
tmp/re10k_attn_configs/re10k_topk1024_softviewbias_trainkernel_lossw02_eval_compat_20260413_5090.yaml	tmp/**
tmp/re10k_attn_configs/re10k_topk1536_lossw02_eval_compat_20260410.yaml	tmp/**
tmp/re10k_attn_configs/re10k_topk1536_lossw02_eval_compat_20260413_4090.yaml	tmp/**
tmp/re10k_attn_configs/re10k_topk1536_lossw02_eval_compat_20260413_5090.yaml	tmp/**
tmp/run_re10k_lossw02_newexp_fixbase_20260410.sh	tmp/**
tmp/run_re10k_lossw02_newpts_20260413_4090.sh	tmp/**
tmp/run_re10k_lossw02_newpts_20260413_5090.sh	tmp/**
tmp/run_re10k_softviewbias_trainkernel_lossw02_newpts_20260412.sh	tmp/**
tmp/run_re10k_softviewbias_trainkernel_lossw02_pt49_20260413_4090.sh	tmp/**
tmp/run_re10k_softviewbias_trainkernel_lossw02_pts59_64_69_20260414_4090.sh	tmp/**
tmp/run_re10k_topk1024_l11_19_lidar_v1_latestpts_20260417_4090.sh	tmp/**
tmp/run_unified_eval_continue.py	tmp/**
tmp/run_unified_eval_full_dev5090_20260423.sh	tmp/**
tmp/unified_eval_full_pointcloud_20260423.yaml	tmp/**
tmp/unified_eval_full_pointcloud_parallel_20260423.yaml	tmp/**
tmp/unified_eval_full_pose_remaining_20260423.yaml	tmp/**
tmp/unified_eval_full_videodepth_20260423.yaml	tmp/**
tmp/unified_eval_official_20260422_table.md	tmp/**
tmp/unified_eval_official_dev5090_gpu0_20260422.yaml	tmp/**
tmp/unified_eval_official_dev5090_gpu0_remaining_20260422.yaml	tmp/**
tmp/unified_eval_official_dev5090_gpu1_co3dv2_monodepth_evc_20260422.yaml	tmp/**
tmp/unified_eval_official_dev5090_gpu1_monodepth_tail_20260422.yaml	tmp/**
tmp/unified_eval_official_dev5090_gpu4_20260422.yaml	tmp/**
tmp/unified_eval_official_dev5090_gpu4_co3dv2_videodepth_evc_20260422.yaml	tmp/**
tmp/unified_eval_official_dev5090_gpu5_monodepth_tail_20260422.yaml	tmp/**
tmp/unified_eval_official_dev5090_gpu5_remaining_monodepth_evc_20260422.yaml	tmp/**
tmp/unified_pose_fix_dev5090_gpu3_da3_20260422.yaml	tmp/**
tmp/unified_pose_fix_dev5090_gpu6_da3_misc_20260422.yaml	tmp/**
